{"version":11,"hash":{"type":"Buffer","data":"tsxgW7UTWfvN5LND0QwCM7R+395jXuANPtPBgnoDBP6HmiByXZ5IsKmZbBqzFbJIXZzQbX2NjttwZBPlY/cyuT6KvRfyfKXNgF/u8/qMVXgrem5heRPPxoZJeV0dWNcQ3Tl5uwJHdDfEcFcJW5JkbuTl3jve8Ibovqv9/1j28mA="},"indexValueMap":{"IvNLLPdyhb2lE+YjQbfiN8Pg9zxw6nZbNw0ZYKNaCRM=":{"valueMac":{"type":"Buffer","data":"N5LVQUOd2PmfW9rlDzPx+sv42cEvB92Fovh3I0iE0YA="}},"YPygjeWfpCyR3t2z4lBnhIQaBsE3vN1mQgrhi6qj76E=":{"valueMac":{"type":"Buffer","data":"z7hpw387kJH+WNeyV9vkw7U8zwYhscop7TV+BL7ToGY="}},"Z+JX9fCI7vt55H6pOHjtMJ8Ccahj9cU5lK5EpuIsrE8=":{"valueMac":{"type":"Buffer","data":"mqB3w5AC7U0kDgL34o4IEBm07tG0ny03N2PxAUXyiXs="}},"ksyWYFk4aDkXZka6p0jIVAHYUjjFscCKDG6NRRpCe+4=":{"valueMac":{"type":"Buffer","data":"0RzgKR46k52Q23eIL6b2RViC8/q1rTyqEM7kBajj96Q="}},"A4My9Q/cDHuNEN+iWscJeFjCj1dOZkNmYF+eY1wo1y0=":{"valueMac":{"type":"Buffer","data":"3WtSm8utaCpzeSfbaLHC5Sz94z22O7GCqej4wQM8I/o="}},"zMrdvnfRyN7X74fZUhOnTnQbQSsAVmtXtIKMnfYShLA=":{"valueMac":{"type":"Buffer","data":"0v3qQnfjV0GdAouybErMwbD3pi9WLCUUp3vyZxNnXqg="}},"G5AWImsMvUHLpDczYYAveqAQAQxJ09H73eFjKhnji3E=":{"valueMac":{"type":"Buffer","data":"ZPsrzK5+wEv1h01pVtr6rQN3AKzIMJdgJQdpMG73cz0="}},"nBnH8qPCJ2yrLfqYeWFrQdduch9wWZxpAcWtJMxLrGI=":{"valueMac":{"type":"Buffer","data":"a/AyvgpfAqG75s2+v8mkdRrJCYIctMLRCS/MB9NGDY8="}},"nzSVa/A1YxwjRoDQVqy+ABIEJHVuLko57VQjBMqCNW8=":{"valueMac":{"type":"Buffer","data":"24TjZpFuIg3NCfT0upufMu9Iu046ycbRrumV9IM6J88="}},"i6A6eIDGnWqKBMq2/8OP4VcrQaIBGKr0mweOzjW+CaM=":{"valueMac":{"type":"Buffer","data":"/fB5lvqUv3OjfN+O+cwl2f949npWbhwgZd/lg7NsMV4="}},"kWYROJna076Sfhm1N/zBjyRBoCuVnfvPGJoez6X+j3I=":{"valueMac":{"type":"Buffer","data":"nZuY66JdH0Sjl3Jt0vtpdxcDd6gbkNCYV0ZqvJlzRsE="}},"JmOlG1qehqYhbwVAmAb42pMBbmXQibo9TCc+AMTVgT4=":{"valueMac":{"type":"Buffer","data":"8aek/LNUvHgpMccXIiNMFsmeGBZFD3Ffbfr1xmUADHI="}},"TBNzlmzrb0SbSs6UZse69QmlryouN06tGf6KdmALUwY=":{"valueMac":{"type":"Buffer","data":"GPlGr//HxTnrTmgbwp13xjWrqyXXacKFy2WW+X27Zlg="}}}}