{"noiseKey":{"private":{"type":"Buffer","data":"GDi/SArARivHe1CExtYa01xsm+F4ZYSuBK43/zh9lWY="},"public":{"type":"Buffer","data":"lympvSsA+AVMQPfpzm5+A+gP/IhQgGhAhoYSpnbZQiw="}},"signedIdentityKey":{"private":{"type":"Buffer","data":"SCiQZaCjkWvRltYEQFJ+6Z557xSQA6+BS+rLAoW47UU="},"public":{"type":"Buffer","data":"qZn6JHvYcyO5TVPK175MhbXl+A/OUfx0Sonmm3cmEGo="}},"signedPreKey":{"keyPair":{"private":{"type":"Buffer","data":"OFBh3Uv/x7nl939GHP6ju7jM4IKRx1GcjNGjxcZbVlw="},"public":{"type":"Buffer","data":"QPVxTeW5m5X1xtnJXunqwBY/H7vVScZ6qNawUeCB3mc="}},"signature":{"type":"Buffer","data":"hQ8vSPN1kJvt3u7bkt7JweZTADOrcV6ji7LjYvfH07FpGnewhwAR8Z2Z+1AuZ62CaWbUO0bHPkK6zK7tNfGHjA=="},"keyId":1},"registrationId":14,"advSecretKey":"Wis2zCWITRleTPfdN0GqBu1XrMmojnE4CapUsE8iOvI=","processedHistoryMessages":[],"nextPreKeyId":31,"firstUnuploadedPreKeyId":31,"accountSettings":{"unarchiveChats":false},"account":{"details":"COGz19sHEKeYnKEGGAE=","accountSignatureKey":"Jq0pZuN6C3ScJFPI07tZMBWvPaoHb7VAUSkMTFMauUw=","accountSignature":"nKdcykDcZEGaLmjk8bcNUVbWAOKIrbSj1aRv5mPpiRoiQ+4QOG8bzNWn3aXy2hAZmhMili6jlWTOQdcnmCPIDQ==","deviceSignature":"PFsc+3dO2j3eL++/kbpIhtw+anbNPoCyQTuT0A/gnx9fsADLXOJWTtIVV1fDMgrVdwqx5DvPnvMfPo/gZOSViQ=="},"me":{"id":"6283151469659:4@s.whatsapp.net","name":"Chatbot Marketplace"},"signalIdentities":[{"identifier":{"name":"6283151469659:4@s.whatsapp.net","deviceId":0},"identifierKey":{"type":"Buffer","data":"BSatKWbjegt0nCRTyNO7WTAVrz2qB2+1QFEpDExTGrlM"}}],"platform":"smba","lastAccountSyncTimestamp":1680280621,"myAppStateKeyId":"AAAAAGPd"}