{"_sessions":{"Bd1461fEQ+t0m4UcIbUK4VkHWT1h0Q8Zl1dizk4ik6pu":{"registrationId":2108241439,"currentRatchet":{"ephemeralKeyPair":{"pubKey":"BXYaQR0gYsRD/vRDl/Qg1Y/qrrVybNLApzxp4QMYt4EJ","privKey":"WI65csAogJFrlqN6tzOHup1mx70dXMYKUNTqqnuKdVM="},"lastRemoteEphemeralKey":"BXM6d47fmA3KKZe2voGOZQJcmQchHEJ47NI4LkLgtkhy","previousCounter":0,"rootKey":"VnNHr5SCKn7dnkHHoJ4onYO400LFrgkr//uzd+uvsBE="},"indexInfo":{"baseKey":"Bd1461fEQ+t0m4UcIbUK4VkHWT1h0Q8Zl1dizk4ik6pu","baseKeyType":2,"closed":-1,"used":1680280623080,"created":1680280623080,"remoteIdentityKey":"BSatKWbjegt0nCRTyNO7WTAVrz2qB2+1QFEpDExTGrlM"},"_chains":{"BXM6d47fmA3KKZe2voGOZQJcmQchHEJ47NI4LkLgtkhy":{"chainKey":{"counter":8,"key":"RsEGy+z0vf5mHJZVeD604HLfV6/19M59hpPNVt8y4kE="},"chainType":2,"messageKeys":{}},"BXYaQR0gYsRD/vRDl/Qg1Y/qrrVybNLApzxp4QMYt4EJ":{"chainKey":{"counter":-1,"key":"LAIZBZoePwyDS16OTjdtsM2W/lqWbk9tSB8Ph4WDJ84="},"chainType":1,"messageKeys":{}}}}},"version":"v1"}